url,type,location,text in hidden block,suggested fix
https://blog.123greetings.com/anniversary-messages-for-grandparents/,punctuation,H1 (hero),"Anniversary messages, for Grandparents",Anniversary Messages for Grandparents
https://blog.123greetings.com/anniversary-messages-for-husband/,punctuation,H1 (hero),"Anniversary messages, for Husband",Anniversary Messages for Husband
https://blog.123greetings.com/anniversary-messages-for-in-laws/,capitalization,H1 (hero),"Anniversary messages, for In-laws",Anniversary Messages for In-Laws
https://blog.123greetings.com/anniversary-messages-for-mom/,punctuation,H1 (hero),"Anniversary messages, for Mom",Anniversary Messages for Mom
https://blog.123greetings.com/anniversary-messages-for-parents/,punctuation,H1 (hero),"Anniversary messages, for Parents",Anniversary Messages for Parents
https://blog.123greetings.com/anniversary-messages-for-sister/,punctuation,H1 (hero),"Anniversary messages, for Sister",Anniversary Messages for Sister
https://blog.123greetings.com/anniversary-messages-for-son/,punctuation,H1 (hero),"Anniversary messages, for Son",Anniversary Messages for Son
https://blog.123greetings.com/anniversary-messages-for-wife/,punctuation,H1 (hero),"Anniversary messages, for Wife",Anniversary Messages for Wife
https://blog.123greetings.com/be-an-angel-day-messages/,structure,side nav (Emotions menu),Nostalgic,"Rename the side-nav item to match the real section (e.g. 'Heartfelt') and give that section the matching id (e.g. id='heartfelt', link '#heartfelt')."
https://blog.123greetings.com/be-an-angel-day-messages/,structure,H2 section heading,Funny,Heartfelt
https://blog.123greetings.com/belated-anniversary-messages-for-her/,punctuation,H1 (hero),"Belated anniversary messages, for Her",Belated Anniversary Messages for Her
https://blog.123greetings.com/belated-anniversary-messages-for-him/,punctuation,H1 (hero),"Belated anniversary messages, for Him",Belated Anniversary Messages for Him
https://blog.123greetings.com/belated-anniversary-messages-for-sorry-i-forgot/,leaked-template-text,H2 section heading and side nav,abc,Sorry I Forgot
https://blog.123greetings.com/belated-anniversary-messages-for-sorry-i-forgot/,grammar,H1,"Belated anniversary messages, for Sorry I Forgot",Sorry I Forgot: Belated Anniversary Messages
https://blog.123greetings.com/belated-birthday-messages-for-her/,leaked-template-text,H2 section heading and side nav,abc,For Her
https://blog.123greetings.com/belated-birthday-messages-for-her/,punctuation,H1 (hero),"Belated birthday messages, for Her",Belated Birthday Messages for Her
https://blog.123greetings.com/belated-birthday-messages-for-him/,leaked-template-text,H2 section heading and side nav,abc,For Him
https://blog.123greetings.com/belated-birthday-messages-for-him/,punctuation,H1 (hero),"Belated birthday messages, for Him",Belated Birthday Messages for Him
https://blog.123greetings.com/belated-birthday-messages-for-sorry-i-missed/,leaked-template-text,H2 section heading and side nav,abc,Sorry I Missed It
https://blog.123greetings.com/belated-birthday-messages-for-sorry-i-missed/,structure,H1 (hero),"Birthday messages, for Sorry I Missed",Belated Birthday Messages: Sorry I Missed It
https://blog.123greetings.com/birthday-message-for-dad/,punctuation,H1 (hero),"Birthday messages, for Dad",Birthday Messages for Dad
https://blog.123greetings.com/birthday-messages-for-across-the-miles/,grammar,"H1 (hero), H2 and side nav","Birthday messages, for Across the Miles",Long-Distance Birthday Messages (section label: 'Across the Miles')
https://blog.123greetings.com/about-us/,structure,Our Testimonials (first testimonial),I am so sorry to have bothered you by being confused by the similarity of your names.,Replace with testimonials about finding the right message or card (e.g. 'The message ideas helped me write my dad’s card in minutes.')
https://blog.123greetings.com/always-live-better-than-yesterday-day-messages/,structure,left side nav,Nostalgic,"Remove the 'Nostalgic -> #n' nav item, or rename it to match a real section with a matching anchor"
https://blog.123greetings.com/always-live-better-than-yesterday-day-messages/,structure,H2 section heading,Funny,Rename to 'Motivational Wishes' (or add genuinely funny messages under 'Funny')
https://blog.123greetings.com/anniversary-messages-for-boss/,punctuation,H1,"Anniversary messages, for Boss",Anniversary Messages for Boss
https://blog.123greetings.com/anniversary-messages-for-boyfriend/,punctuation,H1,"Anniversary messages, for Boyfriend",Anniversary Messages for Boyfriend
https://blog.123greetings.com/anniversary-messages-for-boyfriend/,structure,side nav / H2,For BF,Romantic Anniversary Messages for Boyfriend (with a real anchor)
https://blog.123greetings.com/anniversary-messages-for-brother/,punctuation,H1,"Anniversary messages, for Brother",Anniversary Messages for Brother
https://blog.123greetings.com/anniversary-messages-for-co-worker/,punctuation,H1,"Anniversary messages, for Co-worker",Anniversary Messages for Coworker
https://blog.123greetings.com/anniversary-messages-for-customers/,punctuation,H1,"Anniversary messages, for Customers",Anniversary Messages for Customers
https://blog.123greetings.com/anniversary-messages-for-dad/,punctuation,H1,"Anniversary messages, for Dad",Anniversary Messages for Dad
https://blog.123greetings.com/anniversary-messages-for-daughter/,punctuation,H1,"Anniversary messages, for Daughter",Anniversary Messages for Daughter
https://blog.123greetings.com/anniversary-messages-for-employee/,punctuation,H1,"Anniversary messages, for Employee",Anniversary Messages for Employee
https://blog.123greetings.com/anniversary-messages-for-fiance/,punctuation,H1,"Anniversary messages, for Fiancé",Anniversary Messages for Fiancé
https://blog.123greetings.com/anniversary-messages-for-fiancee/,punctuation,H1,"Anniversary messages, for Fiancée",Anniversary Messages for Fiancée
https://blog.123greetings.com/anniversary-messages-for-friends/,punctuation,H1,"Anniversary messages, for Friends",Anniversary Messages for Friends
https://blog.123greetings.com/anniversary-messages-for-girlfriend/,structure,side nav / H2 section heading,Gf,Romantic Anniversary Messages for Girlfriend (with a real anchor)
https://blog.123greetings.com/anniversary-messages-for-girlfriend/,punctuation,H1,"Anniversary messages, for Girlfriend",Anniversary Messages for Girlfriend
https://blog.123greetings.com/birthday-messages-for-aquarius/,punctuation,first H1 (page header block),"Birthday messages, for Aquarius",Birthday messages for Aquarius
https://blog.123greetings.com/birthday-messages-for-aries/,punctuation,first H1 (page header block),"Birthday messages, for Aries",Birthday messages for Aries
https://blog.123greetings.com/birthday-messages-for-aunt/,punctuation,first H1 (page header block),"Birthday messages, for Aunt",Birthday messages for Aunt
https://blog.123greetings.com/birthday-messages-for-boss/,punctuation,first H1 (page header block),"Birthday messages, for Boss",Birthday messages for Boss
https://blog.123greetings.com/birthday-messages-for-boyfriend/,capitalization,h2 section heading and side-nav item,BF,for Boyfriend
https://blog.123greetings.com/birthday-messages-for-boyfriend/,punctuation,first H1 (page header block),"Birthday messages, for Boyfriend",Birthday messages for Boyfriend
https://blog.123greetings.com/birthday-messages-for-brother/,punctuation,first H1 (page header block),"Birthday messages, for Brother",Birthday messages for Brother
https://blog.123greetings.com/birthday-messages-for-cancer/,punctuation,first H1 (page header block),"Birthday messages, for Cancer",Birthday messages for Cancer
https://blog.123greetings.com/birthday-messages-for-capricorn/,punctuation,first H1 (page header block),"Birthday messages, for Capricorn",Birthday messages for Capricorn
https://blog.123greetings.com/birthday-messages-for-co-worker/,punctuation,first H1 (page header block),"Birthday messages, for Co-worker",Birthday messages for Co-worker
https://blog.123greetings.com/birthday-messages-for-daughter/,punctuation,first H1 (page header block),"Birthday messages, for Daughter",Birthday messages for Daughter
https://blog.123greetings.com/birthday-messages-for-father-in-law/,punctuation,first H1 (page header block),"Birthday messages, for Father-in-law",Birthday messages for Father-in-Law
https://blog.123greetings.com/birthday-messages-for-gemini/,punctuation,first H1 (page header block),"Birthday messages, for Gemini",Birthday messages for Gemini
https://blog.123greetings.com/birthday-messages-for-girlfriend/,capitalization,h2 section heading and side-nav item,gf,for Girlfriend
https://blog.123greetings.com/birthday-messages-for-girlfriend/,punctuation,first H1 (page header block),"Birthday messages, for Girlfriend",Birthday messages for Girlfriend
https://blog.123greetings.com/birthday-messages-for-granddaughter/,punctuation,first H1 (page header block),"Birthday messages, for Granddaughter",Birthday messages for Granddaughter
https://blog.123greetings.com/birthday-messages-for-grandma/,punctuation,first H1 (page header block),"Birthday messages, for Grandma",Birthday messages for Grandma
https://blog.123greetings.com/birthday-messages-for-grandpa/,punctuation,first H1 (page header block),"Birthday messages, for Grandpa",Birthday messages for Grandpa
https://blog.123greetings.com/birthday-messages-for-grandson/,punctuation,first H1 (page header block),"Birthday messages, for Grandson",Birthday messages for Grandson
https://blog.123greetings.com/birthday-messages-for-husband/,punctuation,first H1 (page header block),"Birthday messages, for Husband",Birthday messages for Husband
https://blog.123greetings.com/birthday-messages-for-leo/,punctuation,first H1 (page header block),"Birthday messages, for Leo",Birthday messages for Leo
https://blog.123greetings.com/birthday-messages-for-libra/,structure,h2 section heading vs. side nav,Funny,"Rename the H2 to 'for Libra' to match the nav, or label the nav 'Funny' and give it a real anchor"
https://blog.123greetings.com/birthday-messages-for-libra/,punctuation,first H1 (page header block),"Birthday messages, for Libra",Birthday messages for Libra
https://blog.123greetings.com/birthday-messages-for-mom/,punctuation,first H1 (page header block),"Birthday messages, for Mom",Birthday messages for Mom
https://blog.123greetings.com/birthday-messages-for-mother-in-law/,punctuation,first H1 (page header block),"Birthday messages, for Mother-in-law",Birthday messages for Mother-in-Law
https://blog.123greetings.com/birthday-messages-for-nephew/,punctuation,first H1 (page header block),"Birthday messages, for Nephew",Birthday messages for Nephew
https://blog.123greetings.com/birthday-messages-for-niece/,punctuation,first H1 (page header block),"Birthday messages, for Niece",Birthday messages for Niece
https://blog.123greetings.com/birthday-messages-for-pisces/,punctuation,first H1 (page header block),"Birthday messages, for Pisces",Birthday messages for Pisces
https://blog.123greetings.com/birthday-messages-for-sagittarius/,punctuation,first H1 (page header block),"Birthday messages, for Sagittarius",Birthday messages for Sagittarius
https://blog.123greetings.com/birthday-messages-for-scorpio/,seo-meta,JSON-LD WebPage 'description' in page source (template-wide),"Emotions for Scorpio Birthday messages, for Scorpio",Fill the schema description from the meta description instead of scraped body text
https://blog.123greetings.com/birthday-messages-for-scorpio/,punctuation,first H1 (page header block),"Birthday messages, for Scorpio",Birthday messages for Scorpio
https://blog.123greetings.com/birthday-messages-for-sister/,punctuation,first H1 (page header block),"Birthday messages, for Sister",Birthday messages for Sister
https://blog.123greetings.com/birthday-messages-for-son/,punctuation,first H1 (page header block),"Birthday messages, for Son",Birthday messages for Son
https://blog.123greetings.com/birthday-messages-for-stepfather/,punctuation,"H1 (first, visible)","Birthday messages, for Stepfather",Birthday Messages for Stepfather
https://blog.123greetings.com/birthday-messages-for-stepmother/,punctuation,"H1 (first, visible)","Birthday messages, for Stepmother",Birthday Messages for Stepmother
https://blog.123greetings.com/birthday-messages-for-sweet-16/,punctuation,"H1 (first, visible)","Birthday messages, for Sweet 16",Birthday Messages for Sweet 16 (or 'Sweet 16 Birthday Messages')
https://blog.123greetings.com/birthday-messages-for-taurus/,punctuation,"H1 (first, visible)","Birthday messages, for Taurus",Birthday Messages for Taurus
https://blog.123greetings.com/birthday-messages-for-uncle/,punctuation,"H1 (first, visible)","Birthday messages, for Uncle",Birthday Messages for Uncle
https://blog.123greetings.com/birthday-messages-for-virgo/,punctuation,"H1 (first, visible)","Birthday messages, for Virgo",Birthday Messages for Virgo
https://blog.123greetings.com/birthday-messages-for-wife/,punctuation,"H1 (first, visible)","Birthday messages, for Wife",Birthday Messages for Wife
https://blog.123greetings.com/cousins-day-messages/,structure,side nav,Nostalgic,"Rename the nav item to 'Funny' and point it at the existing section, or add a real Nostalgic section with id='n'"
https://blog.123greetings.com/cute-messages/,structure,side nav,Nostalgic,"Replace with nav items for real sections (e.g. 'Sweet', 'Flirty', 'Long Distance') with working anchors"
https://blog.123greetings.com/dance-day-messages/,structure,left side nav (Emotions menu),Nostalgic,"Rename the nav item to match the section it opens (or remove it). If you keep it, add a real Nostalgic section with id=""n""."
https://blog.123greetings.com/dance-day-messages/,structure,section heading above message #2,Funny,Rename the heading to “Romantic” or “For Your Dance Partner”.
https://blog.123greetings.com/friendship-week/,structure,left side nav,Nostalgic,"Remove the “Nostalgic” nav item or rename it to match the section, and give the section a matching id."
https://blog.123greetings.com/girlfriends-day-messages/,structure,side nav (Emotions menu),Nostalgic,Rename the nav item to match a real section (e.g. 'Romantic' -> #romantic) or remove it.
https://blog.123greetings.com/girlfriends-day-messages/,structure,section heading (h2),Funny,"Rename the heading to 'Romantic' or 'Sweet', or add a real Funny section."
https://blog.123greetings.com/grandparents-day-messages/,structure,side nav (Emotions menu),Nostalgic,"Rename the nav item to a real section (e.g. 'Heartfelt') with a matching anchor, or remove it."
https://blog.123greetings.com/grandparents-day-messages/,structure,section heading (h2),Funny,"Rename the heading to 'Heartfelt & Funny', or split the messages into Funny (#4, #6) and Heartfelt (#3, #5, #7) sections."
https://blog.123greetings.com/hug-week-messages/,structure,side nav (Emotions menu),Nostalgic,Link the nav to a real section (e.g. 'Sweet' or 'Funny' with a matching id) or remove it.
https://blog.123greetings.com/hug-week-messages/,structure,section heading (h2),Funny,"Rename the heading to 'Sweet & Cozy', or add more genuinely funny messages."
https://blog.123greetings.com/hug-your-sweetheart-day-messages/,structure,side nav (Emotions menu),Nostalgic,Replace it with a real section anchor (e.g. 'Romantic') or remove it.
https://blog.123greetings.com/hug-your-sweetheart-day-messages/,structure,section heading (h2),Funny,"Rename the heading to 'Romantic', or add funny messages."
https://blog.123greetings.com/ice-cream-day-messages/,structure,side nav (Emotions menu),Nostalgic,Point it to a real section or remove it.
https://blog.123greetings.com/international-cat-day-messages/,structure,side nav (Emotions menu),Nostalgic,Point it to the actual section (e.g. 'Funny' -> #funny) or remove it.
https://blog.123greetings.com/international-kissing-day-messages/,structure,side nav (Emotions menu),Nostalgic,Point it to a real section (e.g. 'Flirty') or remove it.
https://blog.123greetings.com/international-sunflower-day-messages/,structure,side nav (Emotions menu),Nostalgic,Point it to a real section or remove it.
https://blog.123greetings.com/international-sunflower-day-messages/,structure,section heading (h2),Funny,"Rename the heading to 'Sweet & Sunny', or add funny sunflower messages."
https://blog.123greetings.com/just-because-day/,structure,side nav (Emotions menu),Nostalgic,Point it to a real section or remove it.
https://blog.123greetings.com/just-because-day/,structure,section heading (h2),Funny,"Rename the heading to 'Heartfelt', or add funny messages."
https://blog.123greetings.com/keep-in-touch-messages/,structure,side nav (Emotions menu),Nostalgic,"Point it to the actual 'Funny' section, or add a real Nostalgic section."
https://blog.123greetings.com/parents-day-messages/,structure,side nav,Nostalgic,Rename the nav item to match the section (or add a Nostalgic section with id='n').
https://blog.123greetings.com/raksha-bandhan-messages/,structure,side nav,Nostalgic,"Rename the nav item to 'Funny', or add a Nostalgic section with id='n'."
https://blog.123greetings.com/romance-awareness-month-messages/,structure,side nav (Emotions menu),Nostalgic,"Remove the 'Nostalgic -> #n' nav item, or add a real Nostalgic section with id=""n"""
https://blog.123greetings.com/romance-day-messages/,structure,side nav (Emotions menu),Nostalgic,"Remove the 'Nostalgic -> #n' nav item or add a Nostalgic section with id=""n"""
https://blog.123greetings.com/rosh-hashanah-messages/,structure,side nav (Emotions menu),Nostalgic,"Remove the 'Nostalgic -> #n' nav item or add real sections (e.g. Traditional Blessings, For Family) with matching anchors"
https://blog.123greetings.com/senior-citizen-day-messages/,structure,side nav (Emotions menu),Nostalgic,"Remove the 'Nostalgic -> #n' nav item or add sections (Heartfelt, Funny, For Grandparents) with real anchors"
https://blog.123greetings.com/senior-citizen-day-messages/,seo-meta,JSON-LD WebPage description (page source),Emotions Nostalgic Senior Citizen Day Messages “” Funny “”,Populate the schema description from the meta description instead of the auto-excerpt (likely a sitewide Penci schema setting)
https://blog.123greetings.com/smile-month-messages/,structure,side nav (Emotions menu),Nostalgic,Remove the 'Nostalgic -> #n' nav item or add real sections with anchors
https://blog.123greetings.com/stepfamily-day-messages/,structure,side nav (Emotions menu),Nostalgic,"Remove the 'Nostalgic -> #n' nav item or add real sections (For Stepmom, For Stepdad, For Stepkids) with anchors"
https://blog.123greetings.com/thank-you-day-messages/,structure,side nav (Emotions menu),Nostalgic,Remove the 'Nostalgic -> #n' nav item or add real sections with anchors
https://blog.123greetings.com/true-love-forever-day-messages/,structure,side nav (Emotions menu),Nostalgic,Remove the 'Nostalgic -> #n' nav item or add real sections with anchors
https://blog.123greetings.com/working-parents-day/,structure,left 'Emotions' side nav,Nostalgic,"Remove the 'Nostalgic' nav item, or add a Nostalgic section (id='n') with 5 or more messages."
